{
  "run_id": "20260214_170445__weedcnn_f1_img128_lr0.001_bs64",
  "run_name": "weedcnn_f1_img128_lr0.001_bs64",
  "fold": 1,
  "epochs": 10,
  "batch_size": 64,
  "lr": 0.001,
  "weight_decay": 0.0001,
  "img_size": 128,
  "num_workers": 4,
  "best_val_acc": 0.6721873215305539,
  "test_acc": 0.6614330573793891,
  "test_loss": 0.9242066669610443,
  "total_seconds": 1563.6106400489807,
  "best_checkpoint": "runs/20260214_170445__weedcnn_f1_img128_lr0.001_bs64/best.pt"
}