{
  "run_id": "20260214_175817__weedcnn_f3_img128_lr0.001_bs64",
  "run_name": "weedcnn_f3_img128_lr0.001_bs64",
  "fold": 3,
  "epochs": 10,
  "batch_size": 64,
  "lr": 0.001,
  "weight_decay": 0.0001,
  "img_size": 128,
  "num_workers": 4,
  "best_val_acc": 0.64658863831002,
  "test_acc": 0.6414285714285715,
  "test_loss": 0.9523295021397726,
  "total_seconds": 2512.3615260124207,
  "best_checkpoint": "runs/20260214_175817__weedcnn_f3_img128_lr0.001_bs64/best.pt"
}