{
  "run_id": "20260214_173206__weedcnn_f2_img128_lr0.001_bs64",
  "run_name": "weedcnn_f2_img128_lr0.001_bs64",
  "fold": 2,
  "epochs": 10,
  "batch_size": 64,
  "lr": 0.001,
  "weight_decay": 0.0001,
  "img_size": 128,
  "num_workers": 4,
  "best_val_acc": 0.6753283837806967,
  "test_acc": 0.681519565838332,
  "test_loss": 0.9043399885369178,
  "total_seconds": 1493.7810180187225,
  "best_checkpoint": "runs/20260214_173206__weedcnn_f2_img128_lr0.001_bs64/best.pt"
}