{
  "run_id": "20260214_163101__weedcnn_f0_img128_lr0.001_bs64",
  "run_name": "weedcnn_f0_img128_lr0.001_bs64",
  "fold": 0,
  "epochs": 10,
  "batch_size": 64,
  "lr": 0.001,
  "weight_decay": 0.0001,
  "img_size": 128,
  "num_workers": 4,
  "best_val_acc": 0.6612396458154813,
  "test_acc": 0.6461362988309096,
  "test_loss": 0.9630207412857333,
  "total_seconds": 1945.2054886817932,
  "best_checkpoint": "runs/20260214_163101__weedcnn_f0_img128_lr0.001_bs64/best.pt"
}