{
  "run_id": "20260214_184240__weedcnn_f4_img128_lr0.001_bs64",
  "run_name": "weedcnn_f4_img128_lr0.001_bs64",
  "fold": 4,
  "epochs": 10,
  "batch_size": 64,
  "lr": 0.001,
  "weight_decay": 0.0001,
  "img_size": 128,
  "num_workers": 4,
  "best_val_acc": 0.6403083071652869,
  "test_acc": 0.6749571183533448,
  "test_loss": 0.9163004268981035,
  "total_seconds": 1617.1128070354462,
  "best_checkpoint": "runs/20260214_184240__weedcnn_f4_img128_lr0.001_bs64/best.pt"
}